{"cameraMode":{"drawMode":0,"name":"Shaded","section":"Shading Mode"},"sceneLighting":false,"audioPlay":false,"sceneViewState":{"showFog":true,"showMaterialUpdate":false,"showSkybox":false,"showFlares":true,"showImageEffects":true,"showParticleSystems":true},"in2DMode":false,"pivot":{"x":7.141745567321777,"y":-0.8199282884597778,"z":2.547698497772217},"rotation":{"x":-0.09134382754564285,"y":-0.42869603633880618,"z":0.043618202209472659,"w":-0.897760272026062},"size":11.863771438598633,"orthographic":false}