{"cameraMode":{"drawMode":0,"name":"Shaded","section":"Shading Mode"},"sceneLighting":false,"audioPlay":false,"sceneViewState":{"showFog":true,"showMaterialUpdate":false,"showSkybox":false,"showFlares":true,"showImageEffects":true,"showParticleSystems":true},"in2DMode":false,"pivot":{"x":-0.1666761189699173,"y":0.6088891625404358,"z":4.849514007568359},"rotation":{"x":-0.06084659695625305,"y":-0.6887950301170349,"z":0.05820542573928833,"w":-0.7200495004653931},"size":2.867013931274414,"orthographic":false}