{"cameraMode":{"drawMode":0,"name":"Shaded","section":"Shading Mode"},"sceneLighting":true,"audioPlay":false,"sceneViewState":{"showFog":true,"showMaterialUpdate":false,"showSkybox":true,"showFlares":true,"showImageEffects":true,"showParticleSystems":true},"in2DMode":false,"pivot":{"x":6.440296649932861,"y":1.6026901006698609,"z":-0.04543345421552658},"rotation":{"x":-0.04547475650906563,"y":0.9487802982330322,"z":-0.2680179178714752,"w":-0.16097991168498994},"size":3.820136785507202,"orthographic":false}