{"cameraMode":{"drawMode":0,"name":"Shaded","section":"Shading Mode"},"sceneLighting":false,"audioPlay":false,"sceneViewState":{"showFog":true,"showMaterialUpdate":false,"showSkybox":false,"showFlares":true,"showImageEffects":true,"showParticleSystems":true},"in2DMode":false,"pivot":{"x":15.372377395629883,"y":1.9361695051193238,"z":-1.2505133152008057},"rotation":{"x":0.026953790336847307,"y":0.8770243525505066,"z":-0.04954511672258377,"w":0.47712379693984988},"size":14.453333854675293,"orthographic":false}