{"cameraMode":{"drawMode":0,"name":"Shaded","section":"Shading Mode"},"sceneLighting":false,"audioPlay":false,"sceneViewState":{"showFog":true,"showMaterialUpdate":false,"showSkybox":false,"showFlares":true,"showImageEffects":true,"showParticleSystems":true},"in2DMode":false,"pivot":{"x":0.0,"y":2.3593533039093019,"z":-3.0109176635742189},"rotation":{"x":-0.05391028895974159,"y":0.9457009434700012,"z":-0.21228131651878358,"w":-0.24016672372817994},"size":38.79655838012695,"orthographic":false}